chair,window,television,lamps,clock
fireplace,bookshelves,television,lamps,plants
sofa,window,fireplace,picture frames,clock
chair,window,bookshelves,lamps,clock
sofa,chair,lamps,picture frames,clock
sofa,fireplace,bookshelves,television,lamps
sofa,chair,television,picture frames,plants
sofa,window,fireplace,bookshelves,clock
sofa,window,fireplace,bookshelves,lamps
sofa,fireplace,television,picture frames,clock
sofa,table,window,fireplace,rugs
sofa,bookshelves,television,picture frames,plants
sofa,table,lamps,picture frames,clock
window,rugs,lamps,picture frames,plants
sofa,chair,window,television,clock
chair,table,rugs,television,plants
sofa,chair,table,fireplace,plants
chair,window,fireplace,television,lamps
chair,table,window,fireplace,rugs
chair,fireplace,rugs,television,lamps
sofa,window,fireplace,television,picture frames
chair,fireplace,bookshelves,picture frames,plants
sofa,chair,fireplace,television,picture frames
sofa,window,bookshelves,television,lamps
sofa,table,fireplace,bookshelves,lamps
sofa,fireplace,rugs,lamps,clock
chair,table,fireplace,plants,clock
sofa,fireplace,rugs,television,lamps
sofa,window,bookshelves,television,plants
chair,bookshelves,television,lamps,plants
chair,table,window,fireplace,rugs
sofa,table,fireplace,television,lamps
chair,window,bookshelves,television,lamps
sofa,chair,window,television,lamps
sofa,fireplace,bookshelves,lamps,picture frames
window,fireplace,television,picture frames,clock
window,bookshelves,lamps,picture frames,plants
sofa,fireplace,bookshelves,television,lamps
sofa,fireplace,bookshelves,rugs,picture frames
sofa,chair,window,fireplace,television
sofa,chair,window,lamps,plants
chair,table,window,fireplace,television
chair,table,fireplace,television,clock
sofa,chair,bookshelves,lamps,picture frames
sofa,table,television,lamps,clock
sofa,chair,table,television,picture frames
chair,fireplace,bookshelves,television,clock
sofa,chair,table,fireplace,bookshelves
sofa,bookshelves,television,lamps,clock
sofa,window,bookshelves,television,picture frames
sofa,chair,table,television,picture frames
chair,table,bookshelves,television,picture frames
sofa,table,fireplace,picture frames,clock
chair,table,window,bookshelves,picture frames
sofa,window,fireplace,rugs,picture frames
sofa,fireplace,television,picture frames,clock
sofa,table,rugs,picture frames,plants
window,television,lamps,picture frames,plants
sofa,chair,television,lamps,picture frames
sofa,chair,table,window,television
chair,window,fireplace,bookshelves,television
chair,table,window,rugs,television
sofa,chair,fireplace,rugs,clock
sofa,bookshelves,television,lamps,picture frames
chair,television,lamps,picture frames,plants
sofa,chair,television,picture frames,clock
sofa,fireplace,television,lamps,picture frames
sofa,table,window,fireplace,television
sofa,table,window,bookshelves,rugs
chair,table,window,television,clock
sofa,chair,fireplace,rugs,clock
sofa,chair,lamps,picture frames,plants
sofa,chair,table,television,plants
sofa,chair,window,television,picture frames
sofa,window,fireplace,bookshelves,picture frames
chair,table,bookshelves,rugs,lamps
chair,table,window,television,plants
chair,table,window,fireplace,plants
sofa,table,television,picture frames,clock
fireplace,bookshelves,television,lamps,picture frames
chair,table,window,rugs,picture frames
chair,table,window,fireplace,television
sofa,table,fireplace,rugs,plants
sofa,window,television,picture frames,plants
chair,table,window,fireplace,lamps
chair,window,rugs,lamps,clock
chair,table,bookshelves,television,picture frames
chair,table,window,television,clock
sofa,lamps,picture frames,plants,clock
sofa,rugs,television,picture frames,clock
sofa,window,rugs,television,clock
window,fireplace,rugs,television,lamps
sofa,chair,window,television,picture frames
sofa,chair,window,television,lamps
sofa,chair,table,television,lamps
chair,table,fireplace,bookshelves,picture frames
sofa,chair,table,fireplace,television
sofa,table,fireplace,television,lamps
sofa,table,window,bookshelves,rugs
sofa,chair,fireplace,picture frames,clock
chair,table,window,bookshelves,television
sofa,fireplace,television,lamps,plants
sofa,chair,table,bookshelves,plants
chair,table,window,television,clock
chair,window,television,lamps,plants
sofa,chair,table,window,television
sofa,window,rugs,television,lamps
sofa,table,lamps,picture frames,plants
sofa,chair,fireplace,picture frames,plants
sofa,window,fireplace,lamps,picture frames
sofa,table,fireplace,plants,clock
chair,table,bookshelves,lamps,plants
sofa,table,television,lamps,plants
window,fireplace,lamps,picture frames,clock
sofa,window,bookshelves,lamps,clock
sofa,table,fireplace,television,picture frames
chair,window,fireplace,rugs,clock
chair,table,fireplace,television,plants
chair,fireplace,television,lamps,picture frames
sofa,rugs,picture frames,plants,clock
sofa,fireplace,bookshelves,lamps,plants
chair,fireplace,bookshelves,rugs,television
sofa,window,bookshelves,lamps,picture frames
sofa,chair,picture frames,plants,clock
sofa,chair,fireplace,television,picture frames
sofa,chair,fireplace,television,plants
chair,table,bookshelves,television,clock
sofa,window,rugs,lamps,clock
chair,table,fireplace,television,plants
chair,window,fireplace,television,plants
sofa,chair,table,window,rugs
chair,fireplace,television,plants,clock
sofa,window,fireplace,picture frames,plants
sofa,chair,window,fireplace,bookshelves
sofa,table,window,lamps,clock
sofa,chair,fireplace,rugs,lamps
sofa,chair,window,fireplace,picture frames
sofa,table,fireplace,television,picture frames
sofa,chair,table,bookshelves,lamps
sofa,table,fireplace,television,clock
sofa,window,television,lamps,picture frames
chair,fireplace,rugs,picture frames,plants
chair,bookshelves,rugs,lamps,plants
sofa,chair,table,window,picture frames
sofa,chair,window,fireplace,plants
chair,window,fireplace,picture frames,plants
sofa,chair,window,television,plants
window,fireplace,bookshelves,picture frames,plants
sofa,fireplace,television,lamps,clock
sofa,chair,table,rugs,television
chair,table,fireplace,television,clock
sofa,chair,table,television,clock
sofa,chair,window,fireplace,lamps
sofa,fireplace,picture frames,plants,clock
sofa,chair,table,bookshelves,clock
sofa,window,rugs,television,picture frames
sofa,table,window,fireplace,rugs
chair,window,fireplace,television,clock
sofa,chair,bookshelves,television,clock
sofa,chair,window,bookshelves,clock
chair,table,fireplace,rugs,television
window,fireplace,rugs,television,plants
sofa,window,television,lamps,picture frames
sofa,chair,fireplace,rugs,clock
sofa,table,television,lamps,picture frames
chair,table,window,fireplace,rugs
window,rugs,television,lamps,picture frames
chair,rugs,television,picture frames,plants
sofa,table,window,fireplace,clock
sofa,table,window,fireplace,television
sofa,table,fireplace,lamps,plants
sofa,chair,table,window,picture frames
sofa,chair,rugs,television,clock
sofa,fireplace,bookshelves,television,lamps
sofa,chair,window,lamps,plants
chair,table,bookshelves,television,clock
chair,window,fireplace,bookshelves,picture frames
chair,fireplace,television,picture frames,plants
chair,table,bookshelves,rugs,plants
chair,table,window,fireplace,television
sofa,window,television,picture frames,clock
window,bookshelves,television,plants,clock
window,bookshelves,rugs,television,picture frames
sofa,chair,television,picture frames,clock
sofa,table,window,fireplace,picture frames
sofa,chair,fireplace,television,clock
sofa,chair,table,lamps,picture frames
sofa,chair,fireplace,bookshelves,lamps
sofa,chair,table,lamps,picture frames
sofa,table,bookshelves,picture frames,plants
sofa,chair,table,window,plants
television,lamps,picture frames,plants,clock
sofa,table,window,television,picture frames
sofa,chair,window,television,picture frames
sofa,table,fireplace,rugs,lamps
sofa,table,window,television,picture frames
chair,window,fireplace,bookshelves,plants
sofa,window,fireplace,lamps,clock
sofa,chair,table,window,television
sofa,chair,table,fireplace,clock
sofa,window,fireplace,picture frames,plants
sofa,chair,table,television,plants
sofa,chair,window,lamps,picture frames
sofa,chair,table,window,plants
sofa,fireplace,rugs,television,picture frames
chair,window,fireplace,television,plants
sofa,chair,table,fireplace,television
sofa,table,television,lamps,clock
sofa,table,window,fireplace,lamps
sofa,chair,table,window,picture frames
fireplace,television,lamps,picture frames,plants
chair,table,fireplace,picture frames,plants
sofa,window,fireplace,bookshelves,clock
sofa,chair,table,window,rugs
sofa,fireplace,television,lamps,picture frames
sofa,table,television,lamps,picture frames
window,fireplace,bookshelves,lamps,picture frames
sofa,table,fireplace,lamps,plants
sofa,window,rugs,television,lamps
sofa,chair,table,fireplace,lamps
sofa,window,fireplace,television,picture frames
sofa,window,fireplace,rugs,lamps
sofa,chair,bookshelves,rugs,clock
chair,window,fireplace,rugs,lamps
chair,table,rugs,lamps,clock
sofa,chair,window,fireplace,lamps
sofa,chair,table,fireplace,lamps
sofa,window,bookshelves,lamps,plants
sofa,chair,table,window,fireplace
chair,window,fireplace,lamps,clock
window,television,lamps,picture frames,plants
fireplace,bookshelves,lamps,picture frames,clock
sofa,chair,table,window,bookshelves
chair,table,bookshelves,television,picture frames
chair,fireplace,bookshelves,rugs,lamps
sofa,chair,window,fireplace,lamps
chair,table,television,lamps,plants
chair,table,fireplace,television,clock
sofa,table,window,fireplace,picture frames
sofa,chair,table,lamps,picture frames
chair,window,fireplace,lamps,plants
sofa,table,fireplace,lamps,picture frames
sofa,chair,table,fireplace,television
sofa,chair,window,rugs,plants
sofa,table,fireplace,rugs,clock
sofa,chair,table,window,television
chair,bookshelves,television,lamps,picture frames
sofa,table,window,fireplace,lamps
sofa,fireplace,bookshelves,television,picture frames
sofa,table,window,television,plants
sofa,table,window,bookshelves,lamps
sofa,chair,window,picture frames,plants
sofa,table,fireplace,rugs,clock
chair,table,rugs,television,clock
chair,window,lamps,picture frames,plants
sofa,window,television,lamps,picture frames
sofa,table,window,television,picture frames
sofa,window,fireplace,bookshelves,lamps
chair,window,fireplace,rugs,plants
sofa,window,television,picture frames,plants
sofa,window,fireplace,bookshelves,plants
window,fireplace,rugs,lamps,picture frames
fireplace,bookshelves,rugs,television,clock
sofa,table,rugs,television,lamps
chair,table,fireplace,television,lamps
sofa,table,window,television,lamps
chair,bookshelves,television,picture frames,plants
sofa,table,bookshelves,rugs,picture frames
sofa,window,fireplace,television,picture frames
window,bookshelves,television,picture frames,clock
sofa,chair,bookshelves,picture frames,plants
bookshelves,television,lamps,picture frames,plants
sofa,chair,table,window,rugs
sofa,chair,table,fireplace,television
chair,window,rugs,television,lamps
sofa,window,bookshelves,television,picture frames
chair,table,fireplace,television,clock
sofa,chair,fireplace,television,plants
sofa,chair,table,lamps,plants
sofa,window,fireplace,lamps,clock
window,television,picture frames,plants,clock
sofa,chair,table,television,plants
sofa,chair,table,fireplace,television
chair,table,window,picture frames,plants
chair,window,fireplace,bookshelves,lamps
sofa,bookshelves,television,picture frames,plants
sofa,table,fireplace,television,plants
sofa,chair,rugs,television,lamps
sofa,table,window,television,lamps
chair,table,bookshelves,television,plants
sofa,chair,table,bookshelves,picture frames
sofa,window,rugs,picture frames,plants
chair,window,bookshelves,rugs,television
chair,window,fireplace,television,plants
chair,fireplace,television,lamps,clock
chair,table,fireplace,television,picture frames
chair,window,television,plants,clock
chair,window,bookshelves,television,clock
sofa,chair,window,fireplace,television
sofa,window,fireplace,television,plants
chair,window,fireplace,bookshelves,picture frames
chair,fireplace,bookshelves,television,plants
sofa,table,window,fireplace,rugs
chair,lamps,picture frames,plants,clock
chair,window,picture frames,plants,clock
sofa,chair,table,bookshelves,television
sofa,chair,window,fireplace,clock
sofa,chair,fireplace,television,lamps
chair,bookshelves,lamps,picture frames,clock
sofa,chair,fireplace,rugs,lamps
sofa,chair,lamps,picture frames,clock
sofa,table,window,rugs,picture frames
chair,table,window,bookshelves,plants
chair,window,fireplace,lamps,picture frames
sofa,window,bookshelves,lamps,plants
sofa,window,fireplace,lamps,plants
sofa,table,window,bookshelves,lamps
sofa,window,fireplace,television,picture frames
sofa,window,bookshelves,lamps,clock
sofa,chair,table,rugs,clock
window,television,lamps,picture frames,clock
sofa,table,fireplace,television,lamps
chair,table,fireplace,picture frames,plants
sofa,chair,table,window,fireplace
chair,bookshelves,television,lamps,plants
chair,window,fireplace,television,plants
sofa,table,window,bookshelves,lamps
sofa,table,window,television,lamps
sofa,table,bookshelves,rugs,picture frames
sofa,chair,bookshelves,picture frames,plants
sofa,television,lamps,picture frames,plants
sofa,chair,bookshelves,television,picture frames
sofa,table,window,fireplace,rugs
sofa,fireplace,television,lamps,plants
chair,table,window,television,lamps
chair,table,window,rugs,plants
sofa,chair,table,bookshelves,picture frames
sofa,chair,bookshelves,television,picture frames
sofa,chair,table,television,plants
sofa,fireplace,television,lamps,plants
chair,table,fireplace,bookshelves,picture frames
chair,window,television,lamps,picture frames
chair,table,window,television,lamps
chair,table,window,bookshelves,picture frames
sofa,chair,window,rugs,lamps
chair,window,fireplace,picture frames,plants
sofa,chair,lamps,picture frames,clock
chair,fireplace,bookshelves,rugs,television
sofa,chair,table,picture frames,plants
sofa,chair,table,rugs,clock
sofa,table,window,television,plants
sofa,chair,table,lamps,clock
sofa,chair,window,television,picture frames
sofa,table,window,rugs,picture frames
chair,window,bookshelves,television,clock
sofa,fireplace,bookshelves,television,lamps
sofa,fireplace,television,picture frames,plants
sofa,chair,window,rugs,plants
sofa,chair,table,television,clock
sofa,chair,fireplace,lamps,plants
fireplace,television,picture frames,plants,clock
sofa,table,fireplace,rugs,lamps
sofa,table,bookshelves,picture frames,plants
window,rugs,lamps,picture frames,plants
fireplace,bookshelves,television,lamps,picture frames
sofa,chair,table,lamps,picture frames
sofa,chair,bookshelves,television,lamps
chair,fireplace,television,lamps,picture frames
chair,table,television,picture frames,clock
sofa,chair,table,television,plants
sofa,fireplace,television,lamps,picture frames
chair,window,bookshelves,television,lamps
sofa,fireplace,bookshelves,television,lamps
sofa,table,fireplace,television,picture frames
sofa,chair,lamps,picture frames,plants
chair,fireplace,bookshelves,lamps,picture frames
chair,rugs,television,lamps,plants
chair,window,bookshelves,television,clock
fireplace,bookshelves,television,lamps,plants
chair,window,bookshelves,lamps,plants
sofa,chair,fireplace,television,lamps
sofa,fireplace,television,picture frames,plants
sofa,chair,table,fireplace,television
fireplace,bookshelves,television,lamps,clock
chair,window,fireplace,plants,clock
sofa,chair,fireplace,television,picture frames
sofa,chair,table,picture frames,clock
sofa,table,fireplace,television,lamps
sofa,table,television,lamps,picture frames
chair,bookshelves,television,lamps,plants
sofa,chair,table,rugs,picture frames
fireplace,rugs,television,lamps,plants
chair,table,window,fireplace,bookshelves
sofa,table,window,rugs,clock
window,rugs,television,plants,clock
chair,bookshelves,rugs,television,clock
sofa,window,television,lamps,picture frames
sofa,window,fireplace,plants,clock
chair,table,television,picture frames,clock
chair,fireplace,bookshelves,rugs,clock
sofa,table,window,television,lamps
sofa,chair,table,television,lamps
chair,table,window,television,clock
sofa,table,rugs,television,plants
sofa,lamps,picture frames,plants,clock
window,fireplace,television,lamps,picture frames
chair,rugs,lamps,picture frames,plants
sofa,chair,table,fireplace,clock
sofa,window,fireplace,television,picture frames
chair,window,television,lamps,picture frames
sofa,chair,window,fireplace,television
fireplace,bookshelves,television,picture frames,clock
chair,window,fireplace,lamps,plants
sofa,window,rugs,television,plants
sofa,chair,fireplace,plants,clock
window,rugs,lamps,picture frames,clock
sofa,table,television,plants,clock
chair,window,television,lamps,picture frames
sofa,window,rugs,plants,clock
sofa,chair,table,television,picture frames
chair,table,fireplace,television,picture frames
sofa,chair,table,fireplace,bookshelves
chair,window,rugs,picture frames,plants
sofa,chair,table,lamps,clock
sofa,chair,window,fireplace,clock
sofa,chair,rugs,television,plants
chair,table,fireplace,plants,clock
sofa,table,window,fireplace,television
fireplace,bookshelves,television,lamps,picture frames
chair,fireplace,rugs,television,plants
sofa,chair,rugs,lamps,picture frames
fireplace,rugs,television,lamps,clock
sofa,table,window,rugs,picture frames
chair,table,fireplace,lamps,picture frames
chair,table,fireplace,television,plants
chair,table,window,television,picture frames
sofa,table,fireplace,picture frames,plants
sofa,chair,fireplace,rugs,television
chair,table,fireplace,plants,clock
chair,table,rugs,television,picture frames
chair,table,bookshelves,rugs,television
sofa,chair,television,plants,clock
window,bookshelves,television,picture frames,plants
sofa,chair,table,lamps,plants
chair,window,lamps,picture frames,plants
chair,window,lamps,picture frames,plants
chair,window,fireplace,bookshelves,plants
sofa,chair,window,fireplace,picture frames
sofa,window,lamps,picture frames,plants
chair,window,bookshelves,lamps,picture frames
chair,table,fireplace,television,plants
window,bookshelves,lamps,picture frames,clock
fireplace,bookshelves,television,picture frames,plants
chair,bookshelves,television,lamps,clock
chair,table,window,fireplace,television
chair,bookshelves,television,lamps,picture frames
window,rugs,television,plants,clock
chair,table,window,fireplace,television
sofa,fireplace,lamps,picture frames,clock
sofa,window,fireplace,rugs,television
chair,window,fireplace,rugs,picture frames
sofa,chair,fireplace,plants,clock
sofa,chair,window,bookshelves,television
chair,table,window,fireplace,television
chair,window,bookshelves,lamps,plants
chair,bookshelves,lamps,picture frames,plants
chair,table,bookshelves,television,picture frames
fireplace,rugs,television,lamps,plants
chair,fireplace,television,picture frames,plants
sofa,table,fireplace,lamps,picture frames
sofa,chair,table,window,fireplace
chair,window,lamps,picture frames,clock
sofa,chair,fireplace,lamps,plants
sofa,table,bookshelves,lamps,plants
sofa,chair,bookshelves,lamps,picture frames
fireplace,rugs,television,lamps,clock
sofa,chair,window,picture frames,plants
chair,table,window,fireplace,television
chair,table,window,television,plants
sofa,chair,table,rugs,television
sofa,chair,window,bookshelves,television
sofa,chair,window,bookshelves,lamps
chair,window,bookshelves,television,plants
sofa,bookshelves,television,picture frames,clock
sofa,window,television,picture frames,plants
sofa,chair,fireplace,television,plants
chair,table,bookshelves,rugs,lamps
chair,table,fireplace,plants,clock
fireplace,bookshelves,television,lamps,clock
fireplace,bookshelves,rugs,lamps,plants
sofa,chair,table,picture frames,plants
chair,window,fireplace,bookshelves,picture frames
chair,table,window,fireplace,lamps
sofa,table,window,fireplace,picture frames
sofa,window,bookshelves,rugs,picture frames
sofa,window,television,lamps,plants
sofa,chair,table,television,picture frames
sofa,chair,table,fireplace,lamps
sofa,chair,table,bookshelves,television
chair,window,rugs,television,lamps
chair,window,television,lamps,plants
chair,window,fireplace,television,clock
sofa,window,fireplace,bookshelves,plants
sofa,chair,table,window,television
chair,table,window,bookshelves,picture frames
window,fireplace,television,picture frames,clock
sofa,chair,window,television,clock
window,bookshelves,television,lamps,plants
fireplace,rugs,television,lamps,picture frames
window,fireplace,bookshelves,television,plants
window,bookshelves,rugs,television,plants
sofa,window,fireplace,picture frames,plants
sofa,table,fireplace,lamps,picture frames
chair,bookshelves,television,lamps,clock
sofa,table,fireplace,bookshelves,picture frames
chair,table,window,picture frames,clock
window,fireplace,bookshelves,television,plants
sofa,window,lamps,plants,clock
sofa,table,bookshelves,television,plants
window,bookshelves,television,lamps,clock
chair,table,window,lamps,plants
chair,table,bookshelves,lamps,picture frames
sofa,chair,table,bookshelves,clock
sofa,table,rugs,lamps,picture frames
chair,table,window,television,plants
sofa,table,fireplace,television,picture frames
window,fireplace,television,lamps,plants
sofa,table,window,television,plants
chair,fireplace,bookshelves,rugs,plants
sofa,chair,table,window,rugs
sofa,television,lamps,picture frames,clock
sofa,table,bookshelves,lamps,picture frames
sofa,chair,window,fireplace,lamps
sofa,window,fireplace,television,picture frames
chair,window,bookshelves,television,plants
chair,table,fireplace,bookshelves,plants
chair,table,window,fireplace,clock
chair,fireplace,bookshelves,rugs,lamps
sofa,chair,window,fireplace,lamps
chair,table,window,television,lamps
sofa,chair,rugs,lamps,plants
chair,table,bookshelves,television,lamps
sofa,table,window,bookshelves,picture frames
chair,table,window,television,lamps
sofa,chair,fireplace,picture frames,clock
sofa,chair,window,fireplace,bookshelves
sofa,fireplace,television,picture frames,clock
sofa,chair,table,window,clock
sofa,table,bookshelves,lamps,picture frames
sofa,window,fireplace,plants,clock
window,fireplace,rugs,plants,clock
sofa,chair,table,bookshelves,television
sofa,chair,window,fireplace,lamps
chair,table,television,lamps,picture frames
sofa,window,fireplace,picture frames,plants
chair,fireplace,television,lamps,picture frames
sofa,table,fireplace,television,picture frames
sofa,chair,table,window,lamps
sofa,table,fireplace,rugs,lamps
sofa,table,rugs,television,picture frames
sofa,chair,table,bookshelves,plants
window,fireplace,television,picture frames,plants
chair,window,fireplace,plants,clock
sofa,chair,table,television,picture frames
sofa,window,fireplace,bookshelves,television
sofa,table,window,bookshelves,lamps
chair,fireplace,bookshelves,television,clock
window,rugs,television,picture frames,clock
sofa,chair,table,fireplace,bookshelves
sofa,chair,window,bookshelves,clock
chair,table,window,fireplace,bookshelves
sofa,fireplace,bookshelves,rugs,lamps
chair,table,window,television,plants
sofa,window,television,lamps,plants
sofa,lamps,picture frames,plants,clock
sofa,chair,window,plants,clock
chair,window,television,lamps,plants
chair,window,television,lamps,plants
sofa,window,television,lamps,picture frames
sofa,window,rugs,television,lamps
sofa,chair,fireplace,lamps,clock
sofa,chair,table,fireplace,bookshelves
chair,table,window,television,picture frames
chair,window,television,lamps,plants
chair,table,bookshelves,television,plants
sofa,table,bookshelves,television,picture frames
sofa,chair,fireplace,television,lamps
sofa,table,window,lamps,picture frames
sofa,window,rugs,television,lamps
sofa,fireplace,television,lamps,picture frames
sofa,chair,table,window,plants
sofa,chair,window,television,plants
sofa,window,fireplace,plants,clock
sofa,table,window,fireplace,bookshelves
sofa,chair,fireplace,bookshelves,television
chair,table,window,television,picture frames
sofa,table,rugs,television,clock
sofa,table,fireplace,television,plants
sofa,fireplace,bookshelves,television,lamps
sofa,table,rugs,picture frames,plants
sofa,window,fireplace,rugs,picture frames
window,fireplace,bookshelves,television,picture frames
chair,window,bookshelves,television,picture frames
window,fireplace,rugs,plants,clock
sofa,chair,bookshelves,television,plants
sofa,chair,window,fireplace,plants
fireplace,bookshelves,television,lamps,picture frames
sofa,table,fireplace,bookshelves,lamps
sofa,fireplace,bookshelves,lamps,plants
sofa,table,window,television,plants
chair,window,fireplace,bookshelves,lamps
sofa,chair,window,television,clock
sofa,chair,window,fireplace,rugs
sofa,rugs,television,lamps,clock
sofa,fireplace,bookshelves,lamps,plants
chair,table,window,lamps,picture frames
window,fireplace,bookshelves,picture frames,plants
sofa,chair,window,television,lamps
sofa,table,window,television,picture frames
chair,window,fireplace,television,lamps
sofa,chair,table,fireplace,television
window,fireplace,bookshelves,lamps,picture frames
sofa,fireplace,lamps,plants,clock
sofa,table,fireplace,lamps,plants
chair,table,window,fireplace,lamps
sofa,window,fireplace,rugs,lamps
sofa,table,fireplace,rugs,picture frames
chair,table,window,television,plants
sofa,window,television,lamps,plants
sofa,table,bookshelves,television,picture frames
sofa,table,fireplace,television,lamps
chair,table,window,fireplace,lamps
sofa,fireplace,television,picture frames,clock
sofa,table,lamps,picture frames,plants
sofa,chair,table,fireplace,rugs
sofa,chair,bookshelves,picture frames,plants
sofa,chair,window,fireplace,rugs
sofa,table,window,television,picture frames
sofa,bookshelves,television,lamps,picture frames
sofa,table,bookshelves,television,lamps
sofa,chair,table,window,rugs
chair,bookshelves,rugs,lamps,plants
fireplace,bookshelves,television,lamps,picture frames
window,bookshelves,lamps,picture frames,clock
sofa,chair,fireplace,television,plants
sofa,television,lamps,plants,clock
sofa,window,lamps,picture frames,clock
sofa,table,window,fireplace,television
sofa,chair,fireplace,lamps,plants
sofa,chair,table,window,picture frames
sofa,table,fireplace,television,clock
sofa,chair,window,bookshelves,television
sofa,chair,bookshelves,television,lamps
chair,table,window,rugs,lamps
chair,bookshelves,television,picture frames,clock
sofa,table,television,picture frames,clock
sofa,chair,window,television,plants
sofa,table,window,fireplace,bookshelves
chair,table,fireplace,lamps,picture frames
sofa,chair,table,fireplace,lamps
chair,bookshelves,television,picture frames,plants
sofa,chair,table,rugs,television
sofa,table,fireplace,television,picture frames
sofa,fireplace,rugs,television,picture frames
sofa,chair,table,window,fireplace
sofa,chair,television,plants,clock
sofa,table,rugs,television,lamps
fireplace,bookshelves,television,lamps,clock
sofa,fireplace,television,picture frames,clock
chair,television,lamps,picture frames,plants
sofa,fireplace,bookshelves,plants,clock
sofa,chair,fireplace,lamps,picture frames
sofa,chair,fireplace,rugs,television
sofa,table,fireplace,bookshelves,television
window,fireplace,television,lamps,picture frames
sofa,table,window,television,clock
chair,table,window,bookshelves,television
window,fireplace,rugs,television,plants
sofa,fireplace,bookshelves,television,lamps
sofa,chair,bookshelves,picture frames,plants
chair,fireplace,bookshelves,television,clock
sofa,chair,table,television,lamps
sofa,window,fireplace,television,lamps
sofa,table,television,picture frames,clock
sofa,chair,table,lamps,clock
sofa,chair,table,window,lamps
chair,table,window,television,lamps
sofa,table,television,lamps,picture frames
sofa,chair,table,window,television
sofa,chair,fireplace,rugs,clock
chair,window,fireplace,bookshelves,lamps
chair,window,television,picture frames,plants
sofa,chair,fireplace,rugs,lamps
sofa,window,television,lamps,plants
sofa,table,rugs,picture frames,plants
sofa,bookshelves,rugs,picture frames,clock
chair,window,television,lamps,clock
chair,bookshelves,rugs,television,clock
rugs,lamps,picture frames,plants,clock
sofa,table,window,television,picture frames
window,fireplace,rugs,television,clock
sofa,chair,television,plants,clock
chair,window,bookshelves,television,clock
sofa,table,window,bookshelves,lamps
sofa,chair,table,window,clock
sofa,table,fireplace,bookshelves,lamps
sofa,chair,bookshelves,picture frames,plants
sofa,chair,table,bookshelves,plants
sofa,chair,table,bookshelves,television
chair,window,bookshelves,rugs,television
window,fireplace,rugs,lamps,clock
chair,table,fireplace,lamps,picture frames
chair,table,fireplace,television,lamps
sofa,chair,television,lamps,plants
sofa,chair,window,fireplace,television
chair,table,bookshelves,television,clock
sofa,chair,bookshelves,television,plants
window,bookshelves,television,lamps,plants
window,fireplace,bookshelves,rugs,television
sofa,table,fireplace,television,clock
chair,window,fireplace,bookshelves,picture frames
chair,window,rugs,lamps,picture frames
sofa,chair,fireplace,plants,clock
sofa,table,television,lamps,clock
sofa,chair,rugs,picture frames,plants
chair,window,fireplace,rugs,lamps
sofa,chair,window,fireplace,television
fireplace,rugs,television,lamps,plants
sofa,chair,rugs,lamps,picture frames
sofa,bookshelves,television,lamps,clock
chair,window,fireplace,lamps,picture frames
sofa,chair,table,window,lamps
sofa,chair,television,lamps,clock
sofa,chair,fireplace,lamps,clock
sofa,chair,fireplace,lamps,plants
chair,window,television,lamps,plants
sofa,chair,bookshelves,lamps,plants
chair,window,bookshelves,picture frames,plants
sofa,table,bookshelves,lamps,picture frames
sofa,table,fireplace,television,plants
sofa,chair,window,television,picture frames
sofa,chair,rugs,television,lamps
sofa,table,window,fireplace,clock
sofa,table,window,lamps,plants
sofa,chair,table,fireplace,rugs
sofa,chair,window,lamps,plants
sofa,fireplace,television,lamps,plants
window,bookshelves,lamps,plants,clock
chair,bookshelves,television,lamps,clock
sofa,table,fireplace,television,lamps
sofa,table,fireplace,lamps,plants
chair,table,fireplace,television,clock
chair,fireplace,bookshelves,rugs,lamps
sofa,table,bookshelves,picture frames,clock
sofa,window,fireplace,rugs,picture frames
sofa,chair,fireplace,bookshelves,lamps
sofa,table,window,bookshelves,television
sofa,chair,television,lamps,plants
sofa,table,window,fireplace,bookshelves
rugs,television,lamps,picture frames,clock
chair,fireplace,rugs,television,lamps
sofa,table,window,rugs,television
sofa,table,bookshelves,picture frames,clock
sofa,television,lamps,picture frames,plants
sofa,fireplace,bookshelves,lamps,picture frames
sofa,chair,window,lamps,plants
sofa,chair,table,window,picture frames
window,bookshelves,television,picture frames,plants
sofa,fireplace,bookshelves,television,lamps
sofa,chair,fireplace,bookshelves,television
sofa,chair,window,television,picture frames
sofa,chair,table,plants,clock
chair,window,fireplace,rugs,picture frames
sofa,chair,table,window,television
window,bookshelves,rugs,picture frames,plants
sofa,window,fireplace,bookshelves,television
sofa,chair,table,window,television
sofa,window,fireplace,television,lamps
chair,table,window,fireplace,lamps
sofa,chair,table,window,television
chair,table,window,fireplace,bookshelves
sofa,window,rugs,lamps,clock
window,fireplace,television,lamps,clock
sofa,table,fireplace,television,lamps
sofa,chair,table,lamps,plants
sofa,table,fireplace,lamps,clock
sofa,chair,table,fireplace,television
sofa,chair,bookshelves,lamps,clock
sofa,chair,window,bookshelves,television
chair,bookshelves,lamps,picture frames,clock
sofa,fireplace,television,picture frames,clock
sofa,chair,window,rugs,clock
sofa,chair,fireplace,lamps,plants
chair,fireplace,television,lamps,picture frames
chair,table,window,fireplace,bookshelves
sofa,chair,table,bookshelves,lamps
chair,window,rugs,lamps,clock
sofa,chair,television,lamps,plants
sofa,rugs,television,lamps,picture frames
sofa,chair,table,fireplace,television
chair,window,television,picture frames,plants
sofa,chair,window,fireplace,plants
sofa,table,fireplace,bookshelves,rugs
sofa,fireplace,television,picture frames,plants
sofa,table,window,fireplace,plants
sofa,chair,table,fireplace,lamps
chair,table,window,rugs,clock
sofa,chair,window,bookshelves,television
sofa,chair,table,television,picture frames
sofa,chair,window,television,lamps
sofa,chair,bookshelves,rugs,picture frames
fireplace,lamps,picture frames,plants,clock
sofa,chair,table,fireplace,clock
sofa,chair,fireplace,television,lamps
bookshelves,television,lamps,picture frames,plants
chair,table,window,television,plants
sofa,chair,window,fireplace,clock
sofa,chair,fireplace,picture frames,plants
chair,table,fireplace,lamps,picture frames
chair,window,bookshelves,lamps,picture frames
sofa,chair,table,television,picture frames
chair,window,bookshelves,lamps,plants
window,fireplace,television,picture frames,plants
sofa,chair,window,bookshelves,picture frames
sofa,table,window,television,picture frames
sofa,chair,table,television,plants
sofa,chair,bookshelves,television,lamps
sofa,table,window,bookshelves,lamps
chair,table,bookshelves,television,clock
sofa,chair,bookshelves,television,picture frames
chair,bookshelves,television,lamps,picture frames
sofa,chair,table,window,picture frames
sofa,window,bookshelves,television,clock
chair,fireplace,bookshelves,television,lamps
sofa,window,bookshelves,television,lamps
chair,window,television,lamps,picture frames
sofa,window,rugs,television,picture frames
sofa,window,television,lamps,picture frames
sofa,table,fireplace,lamps,clock
sofa,table,fireplace,lamps,picture frames
fireplace,bookshelves,lamps,picture frames,clock
sofa,chair,fireplace,picture frames,clock
window,television,lamps,picture frames,plants
chair,table,window,plants,clock
sofa,table,bookshelves,rugs,picture frames
sofa,chair,bookshelves,lamps,clock
sofa,window,fireplace,picture frames,clock
chair,bookshelves,television,lamps,picture frames
sofa,bookshelves,television,lamps,plants
sofa,table,television,lamps,clock
sofa,chair,table,window,television
sofa,chair,table,lamps,picture frames
sofa,chair,picture frames,plants,clock
sofa,window,rugs,television,lamps
sofa,chair,bookshelves,picture frames,clock
chair,window,fireplace,lamps,plants
chair,fireplace,television,lamps,plants
window,television,lamps,picture frames,clock
sofa,chair,table,fireplace,plants
sofa,chair,fireplace,lamps,clock
chair,window,bookshelves,lamps,plants
chair,television,lamps,picture frames,clock
chair,window,bookshelves,television,plants
television,lamps,picture frames,plants,clock
sofa,table,window,rugs,picture frames
sofa,chair,rugs,television,lamps
sofa,table,window,bookshelves,rugs
sofa,chair,window,television,plants
sofa,table,fireplace,television,clock
window,rugs,television,picture frames,clock
sofa,chair,table,window,lamps
sofa,window,fireplace,lamps,plants
sofa,chair,window,lamps,picture frames
sofa,chair,fireplace,picture frames,plants
sofa,table,fireplace,television,picture frames
chair,table,fireplace,bookshelves,picture frames
chair,fireplace,television,lamps,plants
chair,table,window,fireplace,picture frames
window,rugs,television,lamps,plants
sofa,table,fireplace,bookshelves,television
chair,table,window,fireplace,plants
chair,window,fireplace,television,lamps
sofa,window,fireplace,lamps,picture frames
sofa,table,fireplace,bookshelves,lamps
chair,fireplace,bookshelves,lamps,plants
fireplace,rugs,lamps,picture frames,plants
sofa,fireplace,rugs,picture frames,plants
chair,bookshelves,lamps,picture frames,plants
window,fireplace,bookshelves,television,lamps
chair,window,rugs,television,picture frames
sofa,chair,table,fireplace,bookshelves
sofa,chair,television,picture frames,clock
sofa,chair,television,lamps,picture frames
sofa,window,fireplace,bookshelves,television
chair,table,rugs,lamps,clock
sofa,fireplace,bookshelves,lamps,picture frames
sofa,chair,table,rugs,plants
sofa,chair,table,fireplace,television
sofa,chair,table,television,plants
chair,table,window,fireplace,clock
sofa,lamps,picture frames,plants,clock
chair,fireplace,bookshelves,lamps,clock
sofa,chair,television,lamps,picture frames
sofa,chair,bookshelves,lamps,picture frames
chair,table,fireplace,picture frames,plants
sofa,fireplace,bookshelves,rugs,television
chair,table,television,picture frames,plants
sofa,chair,bookshelves,television,picture frames
sofa,table,window,picture frames,plants
sofa,table,window,television,lamps
chair,window,bookshelves,television,clock
chair,window,fireplace,rugs,picture frames
chair,table,fireplace,plants,clock
sofa,chair,fireplace,television,picture frames
window,rugs,lamps,picture frames,plants
sofa,chair,window,fireplace,television
sofa,chair,table,rugs,picture frames
chair,fireplace,bookshelves,television,plants
sofa,window,bookshelves,rugs,television
sofa,chair,bookshelves,picture frames,plants
sofa,chair,fireplace,television,lamps
window,bookshelves,television,lamps,plants
sofa,table,window,fireplace,lamps
sofa,chair,window,fireplace,picture frames
sofa,table,fireplace,television,lamps
sofa,window,fireplace,rugs,picture frames
sofa,rugs,lamps,picture frames,plants
sofa,chair,table,television,plants
sofa,chair,window,rugs,television
window,fireplace,bookshelves,television,lamps
sofa,chair,bookshelves,rugs,television
sofa,chair,television,plants,clock
chair,fireplace,rugs,television,picture frames
sofa,chair,window,rugs,plants
sofa,table,bookshelves,television,lamps
sofa,window,fireplace,lamps,picture frames
sofa,chair,table,fireplace,picture frames
chair,table,rugs,lamps,plants
sofa,window,fireplace,lamps,clock
sofa,chair,window,bookshelves,television
sofa,table,bookshelves,rugs,picture frames
fireplace,bookshelves,television,picture frames,clock
sofa,chair,fireplace,rugs,television
sofa,chair,table,window,picture frames
sofa,chair,table,bookshelves,lamps
chair,window,fireplace,television,picture frames
sofa,fireplace,television,picture frames,clock
fireplace,bookshelves,television,lamps,picture frames
window,fireplace,rugs,television,lamps
sofa,chair,bookshelves,lamps,picture frames
sofa,chair,window,television,clock
window,bookshelves,rugs,television,picture frames
sofa,bookshelves,television,lamps,picture frames
sofa,chair,window,television,lamps
sofa,chair,window,fireplace,clock
chair,table,fireplace,lamps,picture frames
chair,table,bookshelves,television,lamps
sofa,window,fireplace,bookshelves,plants
sofa,chair,bookshelves,lamps,clock
sofa,table,television,picture frames,clock
window,television,picture frames,plants,clock
chair,window,fireplace,picture frames,plants
window,fireplace,bookshelves,lamps,clock
sofa,table,television,lamps,clock
sofa,table,window,lamps,picture frames
chair,window,fireplace,lamps,plants
sofa,chair,table,lamps,plants
sofa,chair,table,fireplace,rugs
chair,table,lamps,plants,clock
sofa,chair,table,bookshelves,television
sofa,fireplace,lamps,picture frames,plants
chair,table,bookshelves,television,plants
sofa,chair,window,lamps,clock
sofa,fireplace,lamps,picture frames,clock
bookshelves,rugs,television,picture frames,clock
chair,window,bookshelves,lamps,picture frames
chair,window,rugs,lamps,clock
sofa,chair,bookshelves,rugs,lamps
chair,window,rugs,television,lamps
chair,fireplace,rugs,television,picture frames
chair,window,fireplace,television,plants
chair,table,bookshelves,lamps,plants
sofa,chair,fireplace,bookshelves,television
sofa,chair,window,picture frames,clock
sofa,table,window,television,picture frames
sofa,chair,table,television,lamps
chair,table,bookshelves,lamps,picture frames
chair,window,fireplace,bookshelves,plants
sofa,chair,fireplace,bookshelves,plants
sofa,chair,table,bookshelves,television
sofa,window,fireplace,bookshelves,picture frames
sofa,window,rugs,television,lamps
sofa,chair,television,lamps,clock
sofa,window,fireplace,lamps,picture frames
sofa,chair,television,picture frames,clock
sofa,bookshelves,rugs,television,clock
sofa,window,television,picture frames,clock
sofa,table,window,lamps,plants
sofa,chair,table,bookshelves,television
chair,table,window,picture frames,plants
